,precision,recall,f1-score,support
0,0.5681818181818182,0.423728813559322,0.4854368932038835,59.0
1,0.9219427580225499,0.8940285954583683,0.9077711357813835,1189.0
2,0.800747198007472,0.8550531914893617,0.8270096463022508,752.0
accuracy,0.8655,0.8655,0.8655,0.8655
macro avg,0.76362392473728,0.7242702001690172,0.7400725584291726,2000.0
weighted avg,0.8659372797315789,0.8655,0.8649459555811934,2000.0
