,precision,recall,f1-score,support
0,0.6708860759493671,0.8983050847457628,0.7681159420289855,59.0
1,0.9991489361702127,0.9873843566021867,0.9932318104906938,1189.0
2,0.9718498659517426,0.964095744680851,0.9679572763684913,752.0
accuracy,0.976,0.976,0.976,0.976
macro avg,0.8806282926904409,0.9499283953429335,0.9097683429627236,2000.0
weighted avg,0.9792007313915531,0.976,0.9770876675411253,2000.0
