,precision,recall,f1-score,support
0,0.13915857605177995,0.7288135593220338,0.23369565217391305,59.0
1,0.876803551609323,0.6644238856181666,0.7559808612440191,1189.0
2,0.5721518987341773,0.601063829787234,0.5862516212710766,752.0
accuracy,0.6425,0.6425,0.6425,0.6425
macro avg,0.5293713421317601,0.6647670915758114,0.5253093782296695,2000.0
weighted avg,0.7404940033493207,0.6425,0.6767552533466246,2000.0
