,precision,recall,f1-score,support
0,0.302158273381295,0.711864406779661,0.42424242424242425,59.0
1,0.9053571428571429,0.8528174936921783,0.8783022953659593,1189.0
2,0.7422402159244265,0.7313829787234043,0.7367716008037508,752.0
accuracy,0.803,0.803,0.803,0.803
macro avg,0.6499185440542882,0.7653549597317478,0.6797721068040449,2000.0
weighted avg,0.8262308116809041,0.803,0.8116919880124246,2000.0
