,precision,recall,f1-score,support
0,0.9361702127659575,0.7457627118644068,0.8301886792452831,59.0
1,0.9957912457912458,0.9949537426408747,0.9953723180479596,1189.0
2,0.9725490196078431,0.9893617021276596,0.980883322346737,752.0
accuracy,0.9855,0.9855,0.9855,0.9855
macro avg,0.9681701593883488,0.9100260522109803,0.9354814398799931,2000.0
weighted avg,0.9852933482720405,0.9855,0.9850515383196209,2000.0
